commentaire;y_true;y_pred
@NematBozorov-b1i8f Да это справедливо вручения золотого мяча Усмана Дембеле❤❤❤;1;0
@linomalaga5870 #boycottFIFA  que vergüenza 😮😮😮;0;0
@CyrilOvic Mais tu racontes n'importe quoi toi bouffon'.. Dembelé, Hakimi ou Vitinha méritaient ce ballon d'or , tu voulais mettre qui avec cette saison de dingue du PSG ? Bref n'importe quoi ici 😂😅;0;0
@KubaaxTajullité Ce garçon m'a vraiment fait pleurer;0;0
@kodakandreamer Félicitations Ousmane bien mérité alhamdoulilah ❤;1;1
@hakimhassani6882 0:50 Lautaro Martinez 😢;0;0
@AdilXaspoladov-j2d tebrikler broo )))))))));1;0
@helenemarie9480 Après l’effort le réconfort bravo;1;1
@MrFlashknight Sans l'aide des médias ou de ses entraîneurs, ca se joue sur le terrain. Ça donnera une leçon d'humilité a certains;1;0
@francoiseportafaix4591 Très émouvant c est mérité je lui souhaite le meilleur à lui à sa famille à sa maman un jeune gars qui m a ému....;1;1
@paulEvins-u2g France Football c'est rattrapé de son erreur de l'année dernière;0;0
@amokranesafa2543 Bravo Ousmane 👏 ballon d’or « Exceptionnel 👌;1;1
@GuyAdelaide-d5g Sala...n'a...rien....foutu....4...du...foutage .de...gueule.....mpape....mérite.....la...3....place.....;0;0
"@IrwanNaya-z4b Saya tidak tahu apa yang ia katakan, tapi dia berkali-kali menyebut nama Messi❤💙 dan dia Ousmane dembele layak utk itu.. 
#Viscabarca para penonton meneriakan itu";1;1
@SimplyDiana Félicitations Ousmane! Quelle fierté. Consécration amplement méritée, merci de nous faire rêver et de rester humble. Un grand champion ! 🏆❤️💙;1;1
@Novacuts23 Incredible truly well deserved but I still do feel for Salah and raphinha 📈;1;0
@gabrielsilitonga9209 How can the player with the most g/a last season be ranked 5th?😅😅;0;0
@Jacksonlouimalive-i8b Bravo Ousmane entant qu' haïtien tu fais l honneur de la race noire;1;1
@inkgamesfan Il aurait ete anglais hakimi t'aurais rien dit;0;0
@jackyhoarau8896 Il le merite,❤❤❤❤❤❤❤❤wallah;1;0
@DANDan-o5m6l Bravo dembele,,,,yamal trop arrogant;1;1
@boristheb1ad3x67 On sen bat les couilles de messi, il na rien fait au psg;0;0
"@glr4764 Corruption; bought with Qatari oil money";0;0
@Léo-y3q6b Bravo champion ❤;1;1
@tayabtabasum Nga what's wrong in coming with his family? He came 2nd at the age of 18,how many 18yo you've seen even in top 5?;0;0
"@GodWithinUs17 Qu’est devenu le football ? Dembélé est un grand joueur, mais Yamal méritait vraiment ce Ballon d’Or.
Cette récompense est désormais devenue le trophée du joueur le plus en forme, en oubliant l’impact réel sur le jeu. Déjà l’année dernière, on a vu comment Vinícius a explosé et surtout comment Rodri l'a volé.

Dembélé, lui, ne remettra sans doute jamais les pieds sur le podium, alors que Yamal, lui, s’en approchera sûrement. Pourtant cette saison, il a tout donné. C’est dommage.
À ce rythme, ni Owen, ni Ronaldinho, ni Shevchenko, ni Nedvěd, ni même Ronaldo n’auraient gagné si seuls les buts et la Ligue des champions déterminaient le vainqueur";0;0
@GeronimoMuanza-w8q Dembouz qui l'aurait crue a l'epoque 🎉;1;0
@DarkTSF223 lol yavait aucune chance que yamal gagne il a rien gagné;0;0
@yassinmikdam6424 🎉🎉🎉🎉🎉🎉;1;0
@SimoBMC BRAVO NACER POUR LES CHEQUES 😅;1;1
@alsenycamara6128 Maintenant le ballon d’or c’est pour les noirs ❤;1;0
@stevengoy515 Félicitations Ousmane Dembélé pour avoir remporté le Ballon d'or;1;1
@AshleyRobine Enfin un vrai black panthère gagne le ballon d or;1;0
@toum.  @Fabien-t3d  ta mère la raciste pleure, il l'a mérité;0;1
@tirexotator vive le ballon d'or d'ousmane juste frérot remercie ta femme peut-être;1;1
@mostafarzik4965 Achraf Hakimi ballon d'or.;1;0
@DiegoTomene ❤❤❤ et Ousmane ballon d'or ❤❤❤❤❤❤❤;1;1
@EnsetdEnsetdaitfajir Hakimi et le meilleur joueur.dembili sans hakimi c'est rien..Le ballon d'or a perdu aujourd'hui la valeur du sport..et à partir de ce moment je donnerai pas d'importance à cet événement .et BAY BAY PSG Pour moi.;1;1
@med-kl2mr Quel scandal ! Pauvre Vitinha;0;0
@MB-sl1qp Heuu et le papa? c est lui avec le visage fermé qui ne dis rien ?? 😂;0;0
@Aline-x8s 2025❤ Lamine Yamal ❤;1;0
@mdjihanali6279 Congratulations 🎉🎉🎉;1;0
@PatriceGuei-s5n9u Bien joué mon frère et merci encore et encore;1;1
@pelemutombotshibuabua6846 Ton discours ma fait versé une larme 😊;1;0
@joepatton9016 Il m'a fait pleure;0;0
@auguste17 Pourquoi ils hurlent dans le théâtre ces animaux ? Quelle honte;0;0
@CheikhAlymbow Même le discours mérite un autre ballon d'or 😊❤😊❤😊😂;1;0
@Momar-s1d Wadiour🎉🎉🎉🎉🎉🎉🎉🎉🎉🎉❤❤❤❤merci mama n;1;1
@alainnguyen-f9c Il a humilié le peuple asiatique avec ces blagues racistes anti asiatique en 2021, quelle honte!!!;0;0
@YassineElmbarkii Hakim 😢;0;0
@mbpofficiel5688 Les gars là ont décidé de tous se blesser pour assister à la cérémonie,l'OM a profité.;0;0
@gilleskairys9462 Purée la mère… aucune émotion;0;0
"@HMAKSHMAKS Monsieur DEMBELE, Félicitations pour le Ballon d'Or, et c'est tout à fait mérité...et ce n'est que le début même s'il y a déjà quelques années derrière vous.
Force et Courage pour la suite. 💪🏾✊🏽
Bonne continuation à vous. 
Salutations de 🇳🇨🇳🇨🇳🇨🇳🇨";1;1
"@lelongdusud ah!! elle a l air heureuse sa mama...
pas grave ,on a gagné 1.0";1;0
@addaelhadjlatroch7631 Ah vous, vous n'êtes pas un Menessiste, parceque les Menessistes trouvent qu'il y a trop de noirs en EDF;0;0
@FranceParis-g1l Il faut parler des cafards du quartiers;0;0
@mocaxsmush5218 Disgrace;0;0
@RahmaOmar-gu6nw Bravo OSMAN 🎉🎉🎉;1;1
@ManetCamara-tf7jf Félicitations mon frère 👏🏿👏🏿👏🏿. Tu l'as mérité ❤️❤️🌹🌹👍🏿👍🏿;1;1
@TheophilusNaagminkara Well deserved 🎉🎉🎉;1;0
@animeendelire2 classement frauduleux mais dembouz mérite vamosss;0;0
@WislayMorejonLopez Lo mejor dembele;1;1
@YaNaing-y2l 🌹🎉🇺🇸;1;0
@sambaba683 Ce ballon d'or est vraiment mèritè c'est pas comme le prècèdent volè de vinicus junior 😂😂😂😂😂😂😂;1;0
@fatoumatadoumbia9950 ​ @dondiego5240  merci elle est décédée le 30 août passé et la vie est dure sans elle;0;1
@samibeki5077 Pfffffffff dembele n arrive pas a la cheville de yamal 😂 une pepite du foot ball mondial lamine yamal 👍;0;0
@Steven4_michael Bro ne pleure pas 😢;0;0
"@delzongle-villemotgeoffrey870 Bravo champion
T'as fermé des clapets au passage 😇";1;1
@Steven4_michael Ahhh Ousmane Dembelé t'es fort gros 🎉🎉🎉;1;1
@boieingyags4787 ​ @leopoldmahema 😂😂😂il faut prendre tes cachets😂😂😂😂;0;0
@teddyz7364 Tu regardes le foot depuis peu pour dire une connerie pareil. Eusebio, gullit, weah sont blancs ?;0;0
@JulienDuh Le pire  ballon d'or de l'histoire;0;0
@ClementJacquet-bm6oi ​ @daviddeneuf795 pareil je me suis posé la question. Il remercie sa mère, son meilleur pote mais pas sa femme;0;0
@Paresseux2023 Évreux à l'honneur ❤ merci os;1;1
@itoulyadoum1980 Ce Ballon d’or devient vraiment n’importe quoi.;0;0
@fazeRlx Pleure pas trop stp;0;0
@ParfaitNguele Chassé du Barça, comme un mauvais esprit, il devient ballon d'or dans son nouveau club, le PSG ! Certains problèmes obstinés que vous endurez sont votre ascenseur pour des percées extraordinaires et des bénédictions inaccoutumées !;0;0
@EliasàElielMoke Courage à nous les africains;1;0
@ThePolishXavi_6 ​ @fox_crayon7637 ok I understand but Raphinha and Salah could be 3 and 4, Vitinha should not be 3rd;0;0
@exode-p4q Meritez Absolu😍;1;0
@bouchaibbelhanda485 Bravo il est de mon quartier a rennes ♥️;1;1
@medamin6427 Ballon d'or aurait été attribué au  hakimi vu son parcours et palmarès en revanche les sales rasciste ont dis autrement c immérité au denbeler dzl politique et rascisme ont réussi de démolir fair play 👎;0;0
"@superKzed oui c 'est ca ;il avait le micro HF prépare accroche avant de monter sur scéne....avec un publique accompagnateur...il est heureux et il remercie son papa nasser et le psg; son deuxieme papa enrique...dortmund....le club formateur stade rennais... l'equipe de france et son entraineur ;sa famille;sa mére....son agent ....son ami... mais il a oublié de remercier  sa femme....la pauvre";1;0
@leonleon160 C'est scandaleux. En 2023-2024 ,vini n'avait pas reçu le ballon d'or pourtant il a été phénoménal. Chaque année les critères évoluent pour permettre aux clowns de remporter le ballon d'or ( canavaro, rodry , Dembelé, mbappe 2025).;0;0
@DAVIDKENZOMANDJEM pourquoi Dembélé ca me n énerve😖😖😣😡😡😡😡😡😡😤😤😤🤬🤬😱😠🤬😢😭;0;0
@kessaesdrasraoul3281 Je ressens une fière énorme..💥💥;1;0
@abdoulazizkonda9673 Ballon d'or mérité;1;1
@Tomy-x4k C quoi ce public de collégiens de banlieu irrespectueux !.;0;0
@davramires8871 Yamal devant Vitinha..😮‍💨. Yamal impressionne pour son jeune âge, pas pour son fair play ou ses titres cette saison. Dembélé n'a pas été le meilleur ou le plus indispensable du PSG selon moi. Même si je trouve que Vitinha cochait toutes les cases pour le ballon d'or cette année, Dembélé a été super. Il ne l'a pas volé. Bravo Dembouzz l'histoire est belle 🙌🏻;1;1
@yakedouan-ru4di 🎉❤😂;1;0
@tounsi9415 Je suis content pour lui;1;0
@Ait-o5f Nature le ousmane;0;1
@fabnaw4480 Bravo Ousmane mérité. Raphinha qui finit derrière son coéquipier Yamal c’est une blague.;1;1
@cedrickihoulou6575 Bravo à Démbele;1;1
@romeomayapisse2530 Le flop;0;0
@JODESIO1 Le classement de PEDRI (11e) est une de ces choses qui font perdre la crédibilité au Ballon d'Or. C'est dingue! Vous avez fait comment pour arriver à ce classement?;0;0
@georgesgrouyet5668 Peut-être l'occasion de retirer définitivement le voile de sa femme ???;0;0
"@kamelkamel9261 Félicitations à Ousmane DEMBÉLÉ.
From Algiers.";1;1
"@BlackStarOrion Au Stade Rennais, il a fait ses débuts dans le monde professionnel, le commencement d’un rêve.

À Dortmund, il a explosé, confirmant tous les espoirs placés en lui.

Au Barça, dans son club de cœur, cela semblait être l’accomplissement ultime de sa carrière. Mais rien ne s’est passé comme prévu : la chute, les blessures, l’hygiène de vie…

Quand il arrive au PSG, beaucoup de supporters pensent que c'est un mauvais choix et il en a bavé au début. Pourtant, petit à petit, il a appris à travailler, à tout donner pour un collectif. Aujourd’hui, il a tout gagné et s’est vu décerner le Ballon d’Or, une légende du football parmi tant d’autres.

Même un réalisateur de films n’aurait pas pu écrire une meilleure histoire. Quelle storyline d'un gars simple qui est aujourd'hui au sommet, bravo Ousmane !";1;1
@AbdulWahat-g9i Rafinha diserve it😢;1;0
@baroloukmane8210 Merci de penser à Évreux ça m'a fait plaisir 👍;1;1
@AlainbrelNzengue Il mérite une saison de ouf;1;0
@unknownv8462 Greatest achievement for a french footballer;1;0
@sunnahdiakho2086 j'ai failli pleure non j'ai pleure;0;0
@bestcompilations7656 Quel bon choix il a fait d'aller au PSG;1;0
@AladjiDiallo-e5l Ousmane Dembele le champion❤😂;1;1
@SALAHDK1 et ousmane ballon d'or et ousmane ballon d'or !;1;1
@NathanaelHoussi Bravo a Ousmane et a Lamine 17 ans finir 2 au ballon d or et il aurait pu gagner aussi;1;1
"@Soso-m2h ​​ @Marwan-_-7m la vérité fait mal. 
Dommage que les êtres humains n'arrivent pas à être honnête et détruisent tout ce qu'il touche..
C'est dur de pas pouvoir contre argumenter.
Dur pour toi et le prouver que c'est moi qui ai raison";0;0
@ZanreAlassane-k1i ❤Félicitation à Ousmane Dembele❤;1;1
"@kaysersoze4755 M bappe il le mange.. nimporte koi... 
Final champions legue depuis quand elle donne le balon d or... le buzz parle.. pas le foot..";0;0
@TheTeixeira26 Je trouve que cette année le BALOND OR 2025 est vraiment juste dans les votes ci hakimi ou même mendes l'aurait gagnais ça n'aurait pas était du vole non plus je pense;0;0
@juju91-s5d Je suis pour l'om francais avant tout bravo ousmane très content pour toi tu le mérite,  et aussi kylian pour moi ❤;1;1
@taarbatadil6010  @Npcccccccccc u don’t know ball 🤡;0;0
@halmo68 Félicitations à lui.;1;1
@SergeantRsc Lamine yamal aussi aura son tour 🙏🙏🥰❤️;1;0
@yassirsouabni ​ @francoissantoni8507 et la boîte de com indoue ainsi que la stagiaire de 18ans;0;0
@Yk_thadom The chosen one 👏🏽✊🏽 Diferenciado 🤌🏽;1;0
@Hyperchaud ça faisait des années que je n'avais pas été aussi touché lors d'une remise de ballon d'or , un discours sincére tout simplement , bravo Ousmane;1;1
@kiss632 ​ @azertyqwertyma petite fiente !!!;0;0
"@Tanguy2bamako @charles""Bambara=Banmana voulait dire sauvages esclaves ou païens chez les Bafours Sénégalais Wolof,Toucouleur,Sérère,Arabes banu-hassan-maqil, berbère zénaga🇲🇷🇸🇳,peuls Nomades anciennement païens et tributaires,Soninké de Bilad El Tékrour🇲🇷🇸🇳Sénégal qui parlaient une langue berbèro-soninké l'Azayr l'Azer,esclaves Maures🇲🇷Darmanko🇸🇳et Français🇫🇷🦁  du Sénégal🤦‍♂️";0;0
@BlueWhiteRed_Patriote ​ @addaelhadjlatroch7631 Et alors c'est un constat : c'est comme si dans l'équipe de côté d'Ivoire il y avait 7/8 joueurs blancs !!;0;0
"@archieson4864 I felt the emotions deep in my bone marrow 
Bravo Dembele";1;1
@kabadabe C'est beau vraiment;1;0
@teguhbs46 only messi and rodri can rob the ballon d'or;0;0
@leprogamerderobloxthevoice9831 Et Ousmane ballon d’or magnifique c trop mériter ❤❤❤;1;1
@sambaba683 C'est mèritè et èmouvant❤❤❤;1;0
@Gafourr-l5y Bravo from algeria;1;1
@DivinKibwa cette fois ci je crois bien que le ballon d'or ne pas truqué, c'est la logique vraiment ! Ousmane t'as mérité ça;1;0
@CRjeanel Pas comme les femmes dans leurs discours qui ne parlent que d'égalité 😂;0;0
@SlaSh_7_8 tu n'est pas barcelonais pour aimer une merde pareille. le barca ne mérite rien avec des fans de merde pareil 🤣;0;0
"@Tanguy2bamako @charles""bambara malien🇲🇱🐈ont été déportées en masse par la France🇫🇷🦁au Sénégal,pour travailler les forges du chemin de fer🇸🇳👍🤓";0;0
@jéjé-rix Barcelonais mais punaise mon  équipe à moi c'est vraiment le FC à l'année prochaine wallah c'est une dingrie 🥲🤧💀 mais Visca barça 💙❤️ vous pouvez me  critiquer même avec le 15 ucl;0;0
@delphineteyssonneau5311 Bravo Ousmane❤❤;1;1
"@dondiego5240 Force a toi et ceux qui vivent ça 🩵

J'ai perdu la mienne ya deux ans et demi, depuis pointe au cœur et douleurs intercostales, le stress apparemment.. n'hésitez pas à en parler quand vous vous sentez mal.";0;0
@FodayJallow-d4s Oh my goodness 👏💪, i'm so glad for you Dembélé, you deserve it 💪 bravo 👏;1;1
@RahmatAlex-r2o Alhamdulillah dapat penghargaan pemain terbaik di dunia... Allahuakbar!!!;1;0
@aminemb21 Souvenez-vous de ce commentaire, K. MBAPPE Ballon d'or 2026!;1;0
@jeromebayard5824 C'est un des plus beaux discours du fond du coeur des remises du Ballon D'Or;1;0
@HarisJose.p Le monde du foot est en péril;0;0
@teknikoss Yamal n’a qu’à bien se tenir;1;0
@LeKabyle75 😂 un africain qui préfère la France 😂;1;0
@JuniorChrist-n6q Pedri absent dans les 10 premier c’ est abusé;0;0
"@user-kx5ky4dc9n et pendant ce temps Donnarumma lors du la remise du trophé Yachine ne mentionne aucune fois le PSG ni meme un seul nom, mais mentionne ""Le Manchester City"" (je cite)";0;0
@NGAN-x2q Quelle fierté ! Bravo à M. Ousmane Dembele pour le Ballon d'or 2025. Le talent et le mérite français ont été récompensés !;1;1
@KesmyFaidross Non les Français sont trop bavards quoi🤣🤣🤣;0;0
@Misterkaporaldu28 Mais sinon la daronne elle sourit ?;0;0
"@Tanguy2bamako Les premiers peuples désigner comme étant niak-gnak👣😬🌳 sa'uv'a""ge's par les Bafours Sénégalais étaient leur race Guinéeo-malienne mandé🇬🇳🇲🇱 forestières🌳bambara-mandingue-soussou😢les Sénégalais disaient d'eux qui est-ce cet étranger aux longues BALAFRES sur le visage qui se présente à nous, puis au file du temps ce terme a été utilisé pour désigner l'ensemble des peuples Africains, ouest Africain, ouest Africain du golfe de guinée, d'Afrique Centrale,d'Afrique Australe et d'Afrique de l'Est Sub-sahelienne.  Pour les Bafours Sénégalais la majorité de l'Afrique est niak-gnak👣😬🌳😢";0;0
@JokeFactory7 Il faut toujours remercier Dieu Tout Puissant, la Maman et la famille en tout premier mon frère.. je suis trop heureux pour toi ! Dembouz ballon d'or !;1;0
@CarlosZZ35-k2u ​ @goldfingerjames4172  Non il ne l'a pas gagner;0;0
@Rmonta990 Au début de leurs carrière c'était crédible, mais Mbappé est monté Ousman à stagné, au final la saison dernière il a joué au niveau de son talent, en espérant que ça continue.;0;0
@addaelhadjlatroch7631 ​ @BlueWhiteRed_Patriote ce n'est pas la faute aux noirs si les blancs sont nuls, trouvez vous onze blancs talentueux et débarrassez vous des noirs au faite c'est un noir qui lauréat du ballon d'or et c'est un français que vous n'aimiez pas la couleur sa peau et en plus il joue dans le championnat français paradoxalement il n'y a que des blancs dans vos gouvernements résultat 3000 mille milliards d'euros de dette et 41 milliards d'euros que le citoyen lambda doit débourser pour financer la guerre potentiel contre la Russie;0;0
@Daraphun31 This is very fair ❤❤❤;1;0
@Tom94-r3s Ousmane Dembele Ballon d'or 💙❤️;1;1
@BernardBillo Félicitations à toi ousmane t’as fait un beau discours;1;1
@princeadubangonasri5922 Joao Neves 😊❤;1;0
"@lelongdusud ​ @CyrilOvic tete de chips 🐰,t as un président qui pense qu au pognon et sa babal d or. je te rappelle tellement il s en tape de ton club, qu il voulait que notre om joue a 15 h! 
ton président n était pas là au velo.. 
il ciré sa chaise a votre ballon d or qui remercie en premier prince nacer""c est comme mon papa"" 😲😲😲🐰.et remercie comme il a dit "" pour finir je remercie ma mere"" il est pitoyable ce mec! 
dans le public on entendait crier que Yamal. 
a Marseille, on vie avec notre ville , notre club. 
nous on défonce pas notre ville, quand on gagne une coupe d Europe ! 
on l apprécie ❤";1;0
@helene4785 Bravo démbelé tout travail à un prix Bravo merci ❤❤❤❤❤❤❤❤❤❤❤❤❤❤❤❤;1;1
@patrickR-gc4oh Félicitations à ce grand joueur du PSG il le mérite avec la saison effectuée avec toutes l’équipe de Paris ❤;1;1
@yaniskavena ❤❤❤❤❤👍🏽👍🏽🏆🏆🏆👏🏾;1;0
"@junfan9432 Ce soir tu n’as pas seulement gagné le Ballon d’Or, tu as touché nos cœurs.
Te voir pleurer en parlant de ta mère et de ton ami a montré l’homme derrière le joueur.
Tu es la preuve que le talent, la persévérance et l’amour de ses proches peuvent tout surmonter.
Bravo Dembouz, tu es une inspiration pour nous tous, sur et en dehors du terrain. ❤️🏆";1;1
"@courtemanchhe Merci Ousmane Dembelé, mes félicitations à toi, tes proches peuvent être très fier.
C est mérite et le meilleur est à venir.
L ambidextre 😊";1;1
@blancoalves1613 Très fière de toi frère ❤❤❤❤❤;1;1
"@Tanguy2bamako @charles""Niak-gnak = ceux qui parlent fort, ceux qui ne sont pas raffinées, ceux🕺 et celles💃 qui sont musclées💪,ceux qui ne savent pas vivre en société, ceux qui vivent dans les forêts🌳,ceux qui sont sauvages..etc pleins de stéréotypes comme ça qui tiennent la route..en résumé bien sûr..😢 voilà ce que veut dire niak-gnak en wolof et chez les Bafours Sénégalais, pour les Sénégalais la majorité de l'Afrique est niak-gnak sa'uv'a""ge, ouest Africain, ouest Africain du golfe de guinée, d'Afrique Centrale, d'Afrique Australe et d'Afrique de l'Est Sub-sahelienne.";0;0
@drelverelAmbende Félicitations Dembelé;1;1
"@BerZerHk  @laforetmbim8007  Tu dis n'importe quoi. Vinicius il rentrais pas dans les critères de l'esprit sportif ! Toujours à s'embrouiller sur les terrains et tu aurais voulu qu'il gagne le ballon d'Or??
Depuis Benzema (et surtout le fin de l'air Messi CR7) le ballon d'Or est plus objectif !
Rodri était considéré comme le meilleur joueur à son poste et le meilleur joueur du monde tout cours ! (Euro avec l'Espagne, PL) 

Et Ousmane c'est le symbole du PSG qui devient une grande équipe ! T'as déjà vu un autre attaquant faire un pressing comme le sien dans ta vie? Cherche pas, ça n'existe pas.
Il a été décisif POINT. Ligue des champion, triplé National, et Vice champion du monde.. Tu veux quoi de plus? Qu'il t'apporte le café?

Sans déconner c'est dingue de dire des trucs pareils sur l'équipe la moins bling bling du PSG air Qatar !";0;1
@adrienbaptista8129 Bon bah alors ils ont ou les pro YAMAL 🤣🤣🤣🤣 Et OUSMANE BALLON DE ORO ET OUSMANE BALLON D’OR BANDE DE ZIG vous avez vraiment cru que votre Messi de wish pouvez prendre le ballon d’or à Dembelé 😂 sur ceux la bise vive le PSG LA FRANCE ❤;1;0
@oxyoxy2225 SANS OUBLIER CE RACISTE DE NACER;0;0
@mastersenior10 Le discours de ousmane dembele cachait un secret 🥱;0;1
@lavoixdelaraison9484 ​ @logan3630  vas dormir vous êtes des gamins, attendez pour voir;0;0
@Fabien-t3d Ah le futé du jour... Ménagez vs, ça sent la surchauffe cérébrale;0;0
"@archstanton9129 Sa mère qui ressemble à Fatou 
n’a pas l’air très enthousiasme 😏";0;0
@Sba3-g4j Hakimi derrière Salah et vitinha et yamal quel blague sérieux;0;0
@GeronimoMuanza-w8q Dembouz qui l'aurait crue a l'epoque 🎉;1;0
@mordunet avec beaucoup de simplicité et de sincérité, le discours d'ousmane était émouvant, il n'oublie personne et il a bien résumé son parcours guidé par des grands noms du foot. Concernant le jeune prodige qui est second, nous savons tous qu'il aura le ballon d'or plus qu'une fois les prochaines années;1;0
@yazidmansouri8623 ​ @yvonnzungu8791 son père est peur être décédée abruti ! Si il parle pas de son père c est qu il y a une raison on est pas tous sensée avoir un père ou une mère vivante sans déconner tu as cru que les gens ils sont immortels ou quoi peut-être son père il fait plus partie de ce monde direct tu dis il a pas de père ou quoi bah ça arrive qu'il a pas de père;0;0
@gamingmood2.0-v7k Ben vous vous attendez à quoi ? C'était prévisible là !;0;0
@mikailsahin5684 Bravo 1er et dernier 😅😅;1;1
@safiyaba2043 Bravooooo👏👏👏👏👏👏👏👏💫💫💫;1;0
@LuceroDelAlba369 Es la muerte del fútbol, si un mediocre como persona y como futbolista puede ganar el premio, sólo podemos pensar que es puro marketing. Hay mil jugadores muchísimo mejores en TODAS las grandes ligas, su mayor éxito es ser del país que da el premio 😂😂😂;0;0
@QuentDB la 2e place c'est la pire. ils feraient mieux de donner le top10-4 puis de faire le suspens entre 3 joueurs, histoire de diluer le seum.;0;0
@GSLi-3K Bravoo Ousman Demblée;1;0
@babsoulbawa9137 ​ @dondiego5240 Que âme repose en paix;1;0
@amazigh-x4c il y a 20 ans, il ne serait même pas parmi les 20 premiers prétendants, il y a clairement une baisse de niveau;0;0
@doctanguy1434 je suis Fans de CR7 je l'ai vu prendre 4 ballon d'or et je n'ai jamais pleuré mais Ousmane me fait pleurer comme un gamin;1;1
@KuamKuam-m9b Didier Deschamps a un lien direct avec tous les Ballons d’Or français, sauf Raymond Kopa.... Grand coach;1;0
@PaulMallet-s2s Ousmane Dembélé est définitivement dans l'histoire du foot français;1;1
@RahimHamada-i5h Ousman bollon d'or et ousman ballon d'or ousman ballon d'or et ousman ballon d'or répéter 20 fois;1;0
@CyrilOvic Tu es juste un footix...;0;0
@papatango5085 Peut être mbappe ne fait pas assez de pressing ni de passes. Après s'il avait gagné la coupe du monde contre Messi il l'aurait eu je pense;0;0
"@maxbilo6191 C'est Neymar qui doit être vert, lui qui se moquait des stats de Dembélé pour sa  saison 2023-2024 au PSG. 
Contrairement à Kylian qui a encore quelques années pour gagner ce ballon d'or, pour Neymar c'est archi-cuit 😂";0;0
@thv6052 LE BALLON D'OR DU FAVORITISME DE L'HYPOCRISIE, DE LA HONTE ET DE LA CONSPIRATION AU PLURIEL, ACHRAF HAKIMI RESTERA HUMBLE BRAVE ET AUTHENTIQUE, J'AURAIS ENVISAGER LAMINE YAMAL, SANS PROBLÈME, SAUF UN COLLÈGUE QUI N'A PAS DE VALEUR PLUS QUE ACHRAF, SAUF MOINS DE MATCHS JOUÉ MOINS DE COMPÉTITIONS ET MOINS DE BUTS ET D'ASSISTES, IL PLEURNICHE TELLEMENT QU' IL SAIT LUI MÊME QUE SANS LE SOUTIEN DE SON PAPA PRÉSIDENT IL NE LE MÉRITE PAS, L'ÉQUIPE DOIT BEAUCOUP GAGNER AVEC CETTE HISTOIRE.;0;0
@sorellita0 Il m'a fait couler des larmes;0;0
@toum. @WidSal-r1k oui il a grandis a Evreux et Rennes en Bretagne, pourquoi tu rage ? Eh Ousmane Ballon d'or;0;1
@marocberkane9154 Nul nul nul dembele ballon d’or il est nul franchement;0;0
@trikette22 Bravo à lui dommage que sa mère n'a pas fait un sourire c abusé on dirait elle était vénère contre son fils heyyy est ce normal il n'a pas mérité un tel comportement;0;1
@EKRANÉHÉMIEDAMBO Yamal voulais pleurer;0;0
@italkallabash2183 Discours émouvant, exceptionnel ! Bien joué Ousmane. 🟡;1;1
"@badraalouberthe Thank you ousmane
Dembele";1;1
@jean-pierrestraub7530 Il y a quand même un problème dans la formule du Ballon d'or, mélange de performances individuelles et de palmarès d'équipe. Quand je vois Dembélé 1er et M'Bappé 7e, je ne sais pas s'il faut rire ou pleurer;0;0
@CyrilOvic C'est normal surtout dans le football, sport populaire dans les quartiers car on peut jouer au football facilement, juste un ballon il faut .. puis seuls ceux qui ont vraiment faim font tout pour bien manger 😉;1;0
@LAWY-ITSISSA Nul n'a su que Dembélé pouvait remporter le ballon d'Or avant Mbappé.;0;0
"@carolinesar6295 France footballl hhh lol  Dembélé etait déjà élu avant cette soirée
Arrêtez vos stupidités";0;0
@Ykachii Le ballon d’or qui sauve le football ❤️;1;0
@karimmoh1788 🥰🥰🥰🥰🥰🥰🥰🥰;1;0
"@ericmartialobiangengo9772 Raphinha 5 et Derrière Yamal.
C'est vraiment du foutage gueule 😂";0;0
@MapalagaMemory Bro congratulations I wish you all the best ns aume la;1;0
@mansourba8071 ❤❤❤❤❤❤❤❤❤❤❤❤❤❤❤❤❤❤❤❤❤❤❤❤❤;1;0
@babaracamara1726 Ces du mérite ❤ vraiment de la part de dembouz;1;0
@augustinfrenchgame2355 😢😢😢 il m'a fait chialé 😢😢😢 . Il est fou;0;0
@Zinzinnnn Quand tu es voué à l’échec tu cherches la victoire à travers les autres 😂😂;0;0
@farid95000 elle est chelou sa mere! elle a fait la gueule pendant tout l'evenement!;0;0
@konanjeanelieyao4294 La vie est vraiment imprévisible si on lui avait dit qu'il serait ballon d'or un jour lui même aurait pas cru ça c'est le caractère imprévisibles  de la vie.;0;0
@aboubacarsidikitraore1770 J'ai rarement vu l'unanimité autour d'un ballon d'or et d'un discours tel celui-ci. Mes respects Dembouz. J'adore cette partie où tu parles de ta maman, elles sont vraiment nos heroines. Elles sont justes exceptionnelles. Je t'aime maman de tout mon coeur.;1;0
@poyardogoff Mdr les africains toujours à vous attribuer des trophées qui vous concernent pas, votre hakimi et votre guirassy ont flop ce soir donc rendormez vous;0;0
"@samdorsalis878 Bravo Ousmane!!! Lamal aurait merité mais bon priorité aux ""'anciens"". Grosse charge émotionnelle: plusieurs couches: le parcours, les doutes, les blessures, mais aussi les blessures liées à la COULEUR de peau: tout ça transparaît a travers les larmes Puissant!!!🤔";1;1
@Nowiz89 Même pas un mot pour Yamal, c'est pas très classe.;0;0
@rosaline6819 Il mérite bravo bravo bravo bravo ❤❤❤❤❤❤❤❤;1;1
@hujambokorodani3448 Bravo Ousmane ! J'espère que Yamal aura un jour son ballon d'or;1;1
@raypic5372 Mbappe ne l'aura jamais il est sur côté ses heures de gloire son loin derrière lui😂😂😂;0;0
@giorgosgeorgiou4780 Not even close france robbery again;0;0
@bensbourgeoi2593 AVOIR UN BALLON D'OR A PARIS SAINT-GERMAIN. C'EST EXCEPTIONNEL;1;1
@oussoustim Dembele ballon d'or 🎉🎉🎉🎉 totalement mérité ❤❤❤❤❤;1;1
@wechlastreet4483 Mérité ce ballon d'or 🎉🎉🎉;1;1
@VillaU-iv9ec Nuno Mendes devrait faire parti des top 5.;1;0
@hanaelmansouri9565 Pourquoi sa maman est fâchée ?;0;0
@Lyra3001 On l’entends plus yamal 🤣🤣🤣;0;0
@Zenotr621 Ous'man of the year ÇA SENT LE RORO;1;0
@nematjonismailov1224 Respect Usman from Uzbekistan! Usman is big Footballer and good people;1;0
@WendyCharles-b3j 🔥🔥🔥🔥🔥;1;0
@AlexandreLedroguene Il l'a pas remercié les supporters de Paris aaaaaaaa;0;0
"@samirbenabdallah9462 Que la paix soit sur vous.
Croyez en ALLAH (DIEU) et au jour du jugement et œuvrez dans le bien.
Évitez de montrer des femmes dont les corps ne sont pas correctement couverts cela sera meilleur pour vous dans ce bas monde et dans l'au delà.
Mesdames couvrez vos corps cela sera meilleur pour vous dans ce bas monde et dans l'au delà.";1;0
@Ghanati._group Fuck Dembele Staright up stolen;0;1
@josemichineau2223 C'est vraiment du n'importe quoi !;0;0
@Lahcen-x2s Peu importe Si c'était Yamin Yamal ou Hakimi qui sont marocains  mais pour Dembelé son épouse est marocaine . DONC le Maroc a remporté le BALLON D'OR en 2025 . Bravo le Maroc qui va organiser la coupe du monde en 2030 InChaaAllah;1;1
@naouben5565 👎🏻 un événement fait sur mesure pour les français le reste c'est juste une scène de film ou si on veut dire un one Man show 😂😂😂;0;0
@mylenaluisa7046 God it........;0;0
"@Alainkazadi-y2u Félicitations mon frère !!!
Le Barça te bloquait, voilà aujourd'hui tu as tout gagné.";1;1
@DANDan-o5m6l Wepsss ta raison,,,,mais il le mérite,,,le yamal le mbape la,,,ils sont bon,,,mais trop arrogant,,,e sa le fifa aime pas;0;0
@mika1826 Quelle surprise si on nous avait dit ça ya quelques année mais tellement content pour lui! Et le discours.. Chapeau mec!;1;0
"@BlueWhiteRed_Patriote On le sait depuis mille ans...
Bref le ballon d'or n'est plus ce que c'était depuis pas mal d'années soit c'est pour le merchandising (Cristiano Ronaldo Messi) soit tu gagnes la champions League et basta 😮😢.";1;0
@lucas95370 Le classement est honteux meme si dembele le gagne raphinha est comme même 5eme hakimi 6eme  c une dinguerie;0;0
"@gregb4713 ​ @Huh...-Tao il sort de nul part dans le sens "" pr penser a lui au ballon dor"" 😅. A quel moment dans ca carrière... tu te dis.. tiens il va être ballon d'or ce mec... jamais... il était tjr bon.. mais pas comme un yamal par exemple  ou un bappe a une certaine époque..";0;0
@FredyMangadi Tout un souliers d'or même pas dans le top 3 vous êtes fous;0;0
@omardridba2838 Une mascarade et pièce théâtrale médiocre.;0;0
@JulienLeBihan-o2u C'était mérité bravo Ousmane Dembelé 😊;1;1
@きゅきゅのきゅきゅのきゅ He discriminated against Japanese people, but still?;0;0
@AhmadSipan-l1h الف الف الف مبروك للهداف الموهوب الفنان عثمان ديمبلي بحداره وكل من حضل على جواءز الف مبروك;1;0
@FambiVersane C'est émotionnel 😢;0;0
@a.e6817 Souffre en silence;0;0
@اصطورةلعاب 😢;0;0
@Userbaby02 @Enedyaset le câlin qu’il l’a fait avant de prendre le ballon d’or toujours a critiquer les gens;0;0
@SerigneNdiaye-n5e ❤❤❤ousmane👏🏾👏🏾👏🏾;1;1
@gs-mh5so Salopard talais me faire pleurer;0;0
@akramabdelmalek2830 N'importe quoi;0;0
@acidlover_303 tu ne connais juste rien au foot, quand on ne sait pas on se tait ça vaut mieux;0;0
"@normakroum1046 Quand la politique et le racisme contre les joueurs des pays Arabes dominent les nobles principes du sport !!
Félicitation Ousmane et Désolé Hakimi !";0;0
@TabletNiakh-o3x Dab vous en dit quoi de la coiffure de yamal wsh 😂😂😂;0;0
@Djibril-0710 ET Ousmane, ballon d’or❤;1;1
@KoffaAmetepe Bravo !!!!!;1;1
@legerchristiandjiba1193 J'espère que le Réal n'aura plus jamais l'occasion d'être présent à cette cérémonie de ballon d'or;0;0
@wola7961 Honteux, Hakimi ballon d'or;0;0
@TerminatorKash Tu mérite  mon pote;1;0
@aminserehali Hakimi was the best player last year. Salah was close but didn’t finish the year on a high note.;0;0
@jolantablacharska968 iebacz debele nie poinien dostacz łotei piłki;0;0
@jeanrogerepoh5944 Enfin le ballon d'or redevient crédible. Mes félicitations à Ousmane Dembelé, c'est ton arrivée au PSG qui m'a redonné confiance à une possible LDC. Bravo ne cesse de travailler comme Messi et Christiano Ronaldo, tu peux aller au-delà de ce mérite. Mes félicitations une fois de plus champion;1;1
@darylngouajio félicitations  a toi DEMBELE;1;1
@hajjakasifah157 Ousmane tetap sehat y❤❤❤❤;1;1
@Diamndfrancis Congratulations dembele !;1;1
@k.manufiognona6454 Ousmane a juste profité de l'ombre du PSG et de la diplomatie française;0;1
@fox_crayon7637 @ThePolishXavi_6 yea ik that Raphinha was better than Yamal. But Vitinha in 3rd is not that far fetched. Hakimi in 6th is so stupid tho;0;0
@igoregbedji K. MBAPPE prochain ballon d'or, c'est une prophétie;1;0
@AndréIBONGO Viens m'épouser stp.;0;0
@ShuceibYussuf He is best talent in his generation he deserves to win it more than everybody else ❤️❤️❤️😊;1;0
@bacchus5881 Un gars en or, il mérite rien que pour ça.;1;0
@pereznjoh4868 Masterclass de Ousmane 👏👏👏Quel discours.. 👌;1;1
@thebestofyoutube1384 Il est vraiment exceptionnel !;1;1
@melkamuat6590 Congratulations for Dembele.He is a model of hard work and dedication.;1;0
@Mnord1 Merci ❤;1;1
"@inessankiambi8891 Frère tu l'a pas mérite,
Ça devrait être plutôt LAMINE YAMAL";0;0
@きゅきゅのきゅきゅのきゅ He discriminated against Japanese people, but still?;0;0
@FutureVandross-v4v Comme si mere est fachée avec lui;0;0
@cortixavier1406 Le problème ce ne sont pas les noirs. C’est la culture de certains, noirs ou pas !;0;0
"@samiraBenz1  @bateauivre9391  Le ridicule devrait te tuer TOI mais heureusement pour toi, il ne tue pas. Ses buts qui n'ont servi à rien,  cela s'appelle des stats BIDON. Le soulier d'or est un trophée ridicule, marquer plein de buts et ne rien gagner, ça ne mérite aucun trophée. Quand au soi disant parcours incroyable, laisse moi rire, son parcours était comique face aux grandes équipes. LE soi disant meilleur joueur fait gagner SON équipe, il ne soigne pas ses stats personnelles. Paske le Real n'a pas bénéficié de son nombre de buts : zéro titre, ni Liga ni LDC Walou, nada, NIET, nothing.
Ceux qui comprennent et aiment le foot ne regardent pas les stats mais la technique du joueur et son QI foot, ses différentes qualités sur le terrain, sa vision de jeu et ce qu'il apporte au collectif et s'il fait gagner son équipe.";0;0
@MRDJADJA509 T’es mérité le titre Ousmane Dembelé💪;1;1
@kankoefolligan4265 Suis-je le seul à voir qu'il y a eu une crise entre Ousmane et sa mère. Et que ça l'a fragilisé ?;0;1
"@moncefmoncef8150 DEMBELE BALLON DOR               QUELLE HONTE
Normalement pas de gagnant cette annee
Perte de prestige !!!";0;0
@badiafakhreddine9861 Sincèrement c'est lamine yamal qui méritait le ballon d OR  . Il y avait de l injustice dans la distribution de ces prix .;0;0
@ColthDivassa Bravo champion depuis le Gabon 🇬🇦💪;1;1
@kaiser8498 Quelle mascarade .;0;0
"@philippefroment8840 ​ @logan3630 Rappel moi l'âge de Mbappé ? 
Et au delà de l'âge, on le voit avec Dembélé ce qui compte avant tout c'est un collectif bien huilé, donc malheureusement pour Mbappé le real n'est pas encore à niveau collectivement...La preuve, aucun titre l'an dernier";0;1
@yakpoillong4278 On t’aime Dembouz, tu le mérites tellement ce trophée 😊;1;0
@BOB-d7h2p Bravo;1;1
"@alyvihaablyvy7865 Bravo. 
Il mérite !
✌️👍👌";1;1
@Brael-françoisIbanda Il est devenu une legende avec ligue des champions liga coup du monde  ballon d'or  wow;1;0
@killerbelfa2927 Todo el mundo sabe que Lamine es mejor que Dembelé vaya robo del Khalifa du psg 🫰 🫰 🤣🤣🤣🤣🤣🤣🤣🤣🤣;0;0
@jsp450 weee ousmane ballon d'or;1;1
@englishclassmonitoringecm5152 Mbappé aurait peut-être brillé plus s'il était resté au PSG...;0;0
@Kamal1996-v4d Good luck Osman, there is no question of raising questions.;1;0
@ToienfatiToien Moi j'aitait sur il a gagné 😂😂😂😂😂😂😂;1;0
@LQQF C’est quoi ces énergumènes qui ne savent pas se tenir dans le public;0;0
@D.Norton Congrats Dembele, 100% deserved ! :);1;1
@AttaNdri ❤❤❤❤❤❤❤❤❤;1;0
"@PatriceMULIER  @user-kx5ky4dc9n  pourquoi mentionner un club de merde comme le PSG et ses supporters ?
Donnaruma a entièrement raison !";0;0
"@Tanguy2bamako depuis quand Bafours🇪🇭🇲🇷🇸🇳Sénégalais appellent leur progéniture,Charles ?👀🤦‍♂️😏fout l'camp d'ici,idiot ! Dembélé= niak-gnak👣😬🌳 sa'uv'a""ge Africain Sub-sahelien Sub-saharien forestiers primitifs.";0;0
@Yess-Mann 😂😂😂 aucune valeur ce titre depuis Franck Ribéry;0;0
@daviddeneuf795 Il a remercié sa mère mais pas sa femme! Pkoi????;0;0
@knx1413 c'est ............exceptionnel;1;1
@marieflorencecharles3854 Just waouh. Good speech and congratulations;1;0
@sofianebe8476 Bravo 👍 la prochaine fois ça  sera pour Kylian qui va rafler 3 à 4 ballons d'or;1;1
"@bensoussanrudy15 Mbappé : imbus de sa personne, qui croit que c’est la 8 ieme merveille du monde pas de ballon d’or 

Dembele : humble drôle et gentil résultat ballon d’or";0;0
@nyrox251 Oui vrm c'est juste grâce au trophée;1;0
@fabricelavigne1967 Très beau discours Dembelé respect pour toi et t'a famille bravo pour Évreux s'a fait énormément plaisir allez PSG.... bravo pour cette saison inoubliable......😊😊😊;1;1
@atikelhachioui5759 On un mot, c’est exceptionnel 🎉;1;1
@MyPixel17 Tu le donnes à qui bouffon ?;0;0
@TurkosM57 Bien joué Dembélé magnifique saison en plus a côté de notre légende préférée, le fameux Ronaldinho 🤙🥳;1;0
@SabinaYuspbu 😢😢😢😢;0;0
@LuisAlbertoCortes-j9q 🤮🤮🤮🤮🤮🤮🤮🤮🤮🤮🤮🤮🤮🤮🤮🤮🤮🤮🤮🤮🤮🤮🤮🤮🤮🤮🤮🤮🤮 el mosquito correlon que robaba al barcelona ....no jugaba unqu....SKEROSO....🤮🤮🤮🤮😬😬😬😬😬😬;0;0
"@jordanmopipi1226 Respect à Ousmane 
C merité 
Comment détester un joueur pareil 🔥";0;1
@floblm4628 Sa mère on dirait elle s'en blc trop aigri;0;0
@arsenelupin2864 Une mascarade !!! YAMAL est 10000 fois plus étincelant !! Je comprends pas pourquoi il triche tout le temps;0;0
@FreePalestine2027-i5g  @francoissantoni8507 Mdddr t’es un rageux , yamal est peut être meilleurs mais cette année il a ramener la ldc ? Guignol 😂;0;0
@MitchellAtienoAtieno Na hizi majina sijawai ziskia Kwa premier league ama kwani hawa wanacheza nini;0;0
@SackoDramane-j1j La corruption à dépassé la limite  (Raphina 5ème alors qu'il a été le meilleur buteur de la league des champions  ) et personne ne parle de  ça  le monde n'est pas juste;0;1
@stevenziane8031 Magnifique bravo;1;1
"@Soso-m2h ​​ @merveilmukoko non ce n'est pas selon ma logique tous les chiffres parlent les chiffres c'est la logique toutes les chiffres sont meilleurs plus tu es le meilleur joueur c'est comme ça. 
Il n'y a pas de logique différent pour chacun c'est pas comment tu as fait mutuelle droit d'avoir le ballon d'or c'est pas comme ça la vie. 

Bref on va pas débattre les chiffres parlent et me donne raison. 
Les chiffres parlent les hommes se mentent

Il suffit de regarder les chiffres et d'être honnête une bonne personne.";0;0
@seddikbenaissa4372 Et Ousmane ballon d'or🎉;1;1
@jonathanlefer5706 Il le mérite félicitations à lui pour ce ballon d'or 2025;1;1
@djibrildiop760 ​ @alainnguyen-f9c ftg le bouffeur de pangolin;0;0
@souben5290 RAPHINHA DESERVDIT MORE THEN DEMBELE 5TH PLACE IS ROBBERY STOLERS;0;0
@rosenfeld68 Un homme simplement humble qui mérite bien ce trophée aujourd’hui;1;0
@joelsaodien1058 Vous voyez comment les blancs organisent leurs  choses bravo monsieur Dembélé;1;1
@beatricer6862 C'est mérité. Bravo Ousmane;1;1
@sidielmoctarsidibe5807 Ce n'est pas possible 😢c'est yamal;0;0
@papatango5085 ​ @0nIyMusic il se blessait souvent mais se blesse plus;0;0
@Alfredo-y9f Ptdr Yamal a fait déplacer 20 personnes pour qu’ils puissent le voir perdre au dernier moment 😂😂;0;0
@IdilAbdillahi-cx1uh ❤❤❤❤❤osman;1;0
@fassamom7467 Exceptionnel son mots favoris 😅;1;1
@KoukiMarwa-1978 مسكين بو سروال 😂;0;0
@dorianbenitah4777 JE T’AIME OUSMANE OF MY LIFE 🤍;1;1
@cheikhdiop7636 😢;0;0
@shanafzal3646 Une ambiance incroyable !;1;0
@Shfshawan He forgot to mention Achraf Hakimi, who was the main reason for his winning the Golden Ball.;0;0
@JkKalsi-k5m We will never know if Mbappe was crying because he got emotional or he didn't win it😭;0;0
@stevemarty1390 Je n'oublierai jamais le sale coup de l'année passée !!!!;0;0
@Joums77 Dembélé ballon d'or sérieux ... mdr;1;0
"@nabilfekir69 Hakimi seulement 6e. Quel scandale.
je suis content pour Dembélé mais pour moi Hakimi le mérite pour l'ensemble de la saison";0;1
@AimeeChantalMoughiama Bravo Dembelé,beau discours, beaucoup d'humilité,tu es le meilleur.;1;0
"@passipala D'emblé balon d'or quel scandale 😂😂😂 le mecs a joué 3 mois cette saison.
Une honte comme le balon volé a vinisius l'année dernière 😢";0;0
@ngspr2793 C’est une mascarade sans rire;0;0
@exnot7685 Au lieu d’envoyé des messages de merd dors;0;0
@Vplus97 Félicitations! Tu le méritais amplement;1;1
@c.francky8793 Sur sur côté de ouf le gar!!! Finition à chier surtout en EDF. remercié tous le monde sauf sa meuf et lamin qui etait en concurrence avec lui !!;0;0
@اوراقالخريف-ك5ظ Il ne mérite pas ce ballon d'or,pour nous hakimi ballon d'or;0;0
"@giy6132  @Marwan-_-7m  ousmane est devenu ballon d or en cherchant tjs a s ameliorer ! pas en retournant les critiques en mode "" quand tu seras footballeur pro tu pourras parler""";0;0
"@M.Hiro79 Totalement mérité. 
Mais à part ca le classement était n'importe quoi. Cole ne méritait pas d'être dans le top 10, Pedri oui. Et Ashraf seulement 6è, et Neves 19., une blague!";0;0
@legolas28558 Hakimi 6ème c'est incompréhensible 😮;1;0
@rhum_1802  @Warentalon  bahaha j'avoue tu vois la pp et le pseudo tu comprends bien pk il est biaisé;0;0
@SUPERNIK0777 MERCI OUSMANE;1;1
@toxigro93 Voilà, et voilà, en fin voilà!;1;0
@michaelibiza349 Comme dab un classement de merde;0;0
@Bakaryekambi Aucun ne joue pour l'Afrique... Le vrai africain qui méritait plus que les autres vous avez fermé les yeux car il ne vous ressemble pas. Bandes d'hypocrites;0;0
@Ism6ixOTF Le Deuxième Ballon d’Or du Peuple !;1;0
@UnCheminant C’était exceptionnel 🤍;1;1
"@user-kx5ky4dc9n et pendant ce temps Donnarumma lors du trophé Yachine ne mentionne aucun fois le PSG ni meme un seul nom, mais mentionne ""Le Manchester City"" (je cite)";0;0
"@Madarauchiwa98-e7f Lamine 2 ieme a 18 ans ont a déjà vu sa ? 
Dembele ballon d’or comme quoi tout est possible dans la vie, bien jouer à lui !";1;0
@hakimhassani6882 0:15 Enzo Fernandez chelsea 😢;0;0
@abdoutche Pourquoi elle sourit pas elle est fâchée;0;0
@GenaroQuispeOrozco la verdad un premio bien merecido    no como el de rodri que anda medio desaparecido ni en los 20 mejores estaba ese chorro;0;0
@Tanguy2bamako Tu te fiches de nous CHARLES ?👀🤨CHARLES SÉNÉGALAIS ? POURQUOI PAS FRANCIS pendant qu'on y est..🤦‍♂️;0;0
@abdelalielakkali6348 عتمان لايستحق الكرة الدهبية  يشكر ناصر والي نعمته;0;0
@lty2602 Aaahh le regard de la daronne❤️‍🔥👑;1;0
@arabictv5548 Félicitations à Dembélé pour le Ballon d'Or, EL Hashimi est de la tribu Hakimi avec tout l'esprit sportif.;1;1
@ZaynZouggarh Hakimi 6 eme ?? Quel honte c lui le vrai ballon d’or boycotte comme le réal mtn;0;0
@Pelvilain11 Une belle travaille équipe avec Le PSG, bravo Dembélé pour cette année;1;1
@odnlex7979 Le football va vite bravo ousmane;1;1
@JEANdeDIEUMACCAMBI Mbappé serait une fraude alors 😂😂😂😂;0;0
@marcelrossard-w2m chapeau Dembellé : et un Ballon d'or pour La Normandie , Le Sénégal , La Mauritanie : un exemple pour la Jeunesse  félicitations !!!.;1;1
@francoissantoni8507 Il n'a pas remercié ses sponsors  ....😂😂😂;0;0
@madjester33 Mérité bg;1;1
@SalimaGuera Bravo 👏 Dembelé ❤❤;1;1
@LAHI-Ytb ​ @MC-pf9du  toujours des gens dans le déni... il y a pas de critique faites sur sa compagne bien au contraire juste une constatation.. il ne l'a cite pas;0;0
@martin300169 Pourquoi les PERES de beaucoup de stars ne sont jamais là pour manger le fruit de leur semence ???;0;0
@zeynakonate2787 Wonibik félicitation dembouz 🎉🎉🎉🎉;1;0
@HenryJm-mx2ip Discours impeccable et on voit qu’il est sincère c’est mérité bravo ousmane;1;1
"@antoinev9733  @trunk5922  oui 2018 c'est pour lui normalement. 
mais Modric avec un BO n'est pas un scandale, juste pas sur 2018. 
CR7 et Messi en on largement trop reçu, ça ne rimait plus à rien. 
Benzema BO une année de coupe du monde ??? quelle blague ! 
ça a changé ?? on verra bien dans le futur";0;0
"@Huh...-Tao ​ @gregb4713  la tu jette a la poubelle tout ce qu'il a fait oui il a eu ""6 mois"" monstrueux dans cette saison mais il avait un debut de carrière tout aussi monstrueux a dortmund ou a Rennes juste ces années a Barcelone (pas les meilleur) ont éte compliqué mais y'avait du bon aussi malgré les blessures faut arrêter de dire que le mec il sort de nul part ou que personne ce le disait auparavant il avait le talent pour l'avoir tout le monde le disais et j'ai bien dit tout le monde psq le nombre de personne qui disais ""dembele avec finition c'est bo"" sa ne se compte mm plus mtn y'a certaine personne qui veulent pas l'admettre psq aime pas le joueur ou le club mais faut savoir respecter une carrière et un humain avant tout bref j'ai dit ce que j'avais a dire";0;0
@ElielBoffink Bravo Ousmane;1;1
